{
  "version": 1,
  "author": "Sean Willie",
  "editor": "wokwi",
  "parts": [
    { "type": "board-esp32-devkit-c-v4", "id": "esp", "top": 0, "left": -4.76, "attrs": {} },
    {
      "type": "wokwi-resistor",
      "id": "r1",
      "top": 109.55,
      "left": -76.8,
      "attrs": { "value": "1000" }
    },
    {
      "type": "wokwi-led",
      "id": "led_red",
      "top": 15.6,
      "left": -178.6,
      "attrs": { "color": "red", "label": "Alert LED (GPIO 4)" }
    },
    {
      "type": "wokwi-resistor",
      "id": "r2",
      "top": 119.15,
      "left": -76.8,
      "attrs": { "value": "1000" }
    },
    {
      "type": "wokwi-led",
      "id": "led_green",
      "top": 82.8,
      "left": -217,
      "attrs": { "color": "green", "label": "Heartbeat LED (GPIO 5)" }
    },
    {
      "type": "wokwi-resistor",
      "id": "r3",
      "top": 109.55,
      "left": -26,
      "attrs": { "value": "220" }
    },
    {
      "type": "wokwi-led",
      "id": "led1",
      "top": -61.2,
      "left": -149.8,
      "attrs": { "color": "blue", "label": "LED1 (GPIO 26)" }
    },
    {
      "type": "wokwi-resistor",
      "id": "r4",
      "top": 119.15,
      "left": -26,
      "attrs": { "value": "220" }
    },
    {
      "type": "wokwi-led",
      "id": "led2",
      "top": -22.8,
      "left": -149.8,
      "attrs": { "color": "yellow", "label": "LED2 (GPIO 27)" }
    },
    {
      "type": "wokwi-button",
      "id": "btn1",
      "top": 150,
      "left": -100,
      "attrs": { "label": "Emergency Button" }
    },
    {
      "type": "wokwi-resistor",
      "id": "r_btn",
      "top": 150,
      "left": -140,
      "attrs": { "value": "10000" }
    },
    {
      "type": "wokwi-potentiometer",
      "id": "pot1",
      "top": 219.5,
      "left": -96.2,
      "attrs": { "label": "Heart Rate Sensor (ADC GPIO 32)" }
    }
  ],
  "connections": [
    [ "esp:TX", "$serialMonitor:RX", "", [] ],
    [ "esp:RX", "$serialMonitor:TX", "", [] ],
    [ "esp:4", "r1:1", "red", [] ],
    [ "r1:2", "led_red:A", "red", [] ],
    [ "led_red:C", "esp:GND.1", "black", [ "v19.2", "h163.45" ] ],
    [ "esp:5", "r2:1", "green", [] ],
    [ "r2:2", "led_green:A", "green", [] ],
    [ "led_green:C", "esp:GND.1", "black", [] ],
    [ "esp:26", "r3:1", "blue", [] ],
    [ "r3:2", "led1:A", "blue", [ "h-109.6", "v-134.4" ] ],
    [ "led1:C", "esp:GND.1", "black", [] ],
    [ "esp:27", "r4:1", "yellow", [] ],
    [ "r4:2", "led2:A", "yellow", [ "h-100", "v-105.6" ] ],
    [ "led2:C", "esp:GND.1", "black", [] ],
    [ "r_btn:1", "esp:3V3", "red", [] ],
    [ "r_btn:2", "btn1:1.l", "blue", [] ],
    [ "btn1:1.l", "esp:18", "blue", [] ],
    [ "btn1:2.r", "esp:GND.2", "black", [] ],
    [ "pot1:SIG", "esp:32", "orange", [] ],
    [ "pot1:VCC", "esp:3V3", "red", [] ],
    [ "pot1:GND", "esp:GND.1", "black", [] ]
  ],
  "dependencies": {}
}